{
  "$schema": "https://json-schema.org/draft/2020-12/schema",
  "$id": "https://raw.githubusercontent.com/modelcontextprotocol/specification/main/schema/mcp.json",
  "title": "Model Context Protocol Schema",
  "description": "JSON Schema for MCP (Model Context Protocol) tools, resources, and prompts",
  "type": "object",
  "definitions": {
    "Tool": {
      "type": "object",
      "required": ["name", "inputSchema"],
      "properties": {
        "name": {
          "type": "string",
          "pattern": "^[a-zA-Z0-9_-]{1,64}$",
          "maxLength": 64,
          "description": "Unique identifier for the tool"
        },
        "description": {
          "type": "string",
          "description": "Human-readable description of what the tool does"
        },
        "inputSchema": {
          "$ref": "#/definitions/InputSchema",
          "description": "JSON Schema defining the expected input parameters"
        },
        "annotations": {
          "$ref": "#/definitions/Annotations",
          "description": "Optional annotations providing hints about tool behavior"
        }
      },
      "additionalProperties": false
    },
    "InputSchema": {
      "type": "object",
      "required": ["type"],
      "properties": {
        "type": {
          "type": "string",
          "enum": ["object"],
          "description": "Must be 'object' for MCP tools"
        },
        "properties": {
          "type": "object",
          "patternProperties": {
            "^[a-zA-Z0-9_-]{1,64}$": {
              "$ref": "#/definitions/PropertySchema"
            }
          },
          "additionalProperties": false,
          "description": "Object properties definition"
        },
        "required": {
          "type": "array",
          "items": {
            "type": "string",
            "pattern": "^[a-zA-Z0-9_-]{1,64}$"
          },
          "uniqueItems": true,
          "description": "List of required property names"
        },
        "additionalProperties": {
          "type": "boolean",
          "description": "Whether additional properties are allowed"
        }
      },
      "additionalProperties": false
    },
    "PropertySchema": {
      "type": "object",
      "properties": {
        "type": {
          "type": "string",
          "enum": ["string", "number", "integer", "boolean", "array", "object"],
          "description": "Data type of the property"
        },
        "description": {
          "type": "string",
          "description": "Human-readable description of the property"
        },
        "enum": {
          "type": "array",
          "items": {},
          "uniqueItems": true,
          "description": "List of allowed values"
        },
        "default": {
          "description": "Default value for the property"
        },
        "minimum": {
          "type": "number",
          "description": "Minimum value for numeric types"
        },
        "maximum": {
          "type": "number", 
          "description": "Maximum value for numeric types"
        },
        "minLength": {
          "type": "integer",
          "minimum": 0,
          "description": "Minimum length for string types"
        },
        "maxLength": {
          "type": "integer",
          "minimum": 0,
          "description": "Maximum length for string types"
        },
        "pattern": {
          "type": "string",
          "format": "regex",
          "description": "Regular expression pattern for string validation"
        },
        "items": {
          "$ref": "#/definitions/PropertySchema",
          "description": "Schema for array items"
        },
        "properties": {
          "type": "object",
          "patternProperties": {
            "^[a-zA-Z0-9_-]{1,64}$": {
              "$ref": "#/definitions/PropertySchema"
            }
          },
          "additionalProperties": false,
          "description": "Object properties for object types"
        },
        "required": {
          "type": "array",
          "items": {
            "type": "string"
          },
          "uniqueItems": true,
          "description": "Required properties for object types"
        },
        "additionalProperties": {
          "type": "boolean",
          "description": "Whether additional properties are allowed in objects"
        }
      },
      "additionalProperties": false
    },
    "Annotations": {
      "type": "object",
      "properties": {
        "title": {
          "type": "string",
          "description": "Human-readable title for the tool"
        },
        "readOnlyHint": {
          "type": "boolean",
          "description": "Hint that this tool only reads data and doesn't modify state"
        },
        "destructiveHint": {
          "type": "boolean", 
          "description": "Hint that this tool may modify or delete data"
        },
        "idempotentHint": {
          "type": "boolean",
          "description": "Hint that calling this tool multiple times has the same effect"
        },
        "openWorldHint": {
          "type": "boolean",
          "description": "Hint about open-world assumptions for this tool"
        }
      },
      "additionalProperties": false
    },
    "Resource": {
      "type": "object",
      "required": ["uri"],
      "properties": {
        "uri": {
          "type": "string",
          "format": "uri",
          "description": "Unique identifier for the resource"
        },
        "name": {
          "type": "string",
          "description": "Human-readable name for the resource"
        },
        "description": {
          "type": "string",
          "description": "Human-readable description of the resource"
        },
        "mimeType": {
          "type": "string",
          "description": "MIME type of the resource content"
        }
      },
      "additionalProperties": false
    },
    "Prompt": {
      "type": "object",
      "required": ["name"],
      "properties": {
        "name": {
          "type": "string",
          "pattern": "^[a-zA-Z0-9_-]{1,64}$",
          "maxLength": 64,
          "description": "Unique identifier for the prompt"
        },
        "description": {
          "type": "string",
          "description": "Human-readable description of what the prompt does"
        },
        "arguments": {
          "type": "array",
          "items": {
            "$ref": "#/definitions/PromptArgument"
          },
          "description": "List of arguments this prompt accepts"
        }
      },
      "additionalProperties": false
    },
    "PromptArgument": {
      "type": "object",
      "required": ["name"],
      "properties": {
        "name": {
          "type": "string",
          "pattern": "^[a-zA-Z0-9_-]{1,64}$",
          "description": "Name of the argument"
        },
        "description": {
          "type": "string",
          "description": "Human-readable description of the argument"
        },
        "required": {
          "type": "boolean",
          "default": false,
          "description": "Whether this argument is required"
        }
      },
      "additionalProperties": false
    }
  },
  "oneOf": [
    {
      "title": "MCP Tool",
      "$ref": "#/definitions/Tool"
    },
    {
      "title": "MCP Resource", 
      "$ref": "#/definitions/Resource"
    },
    {
      "title": "MCP Prompt",
      "$ref": "#/definitions/Prompt"
    }
  ]
}